patient_id,sample_idx,tumor_coverage_pct
TCGA_DU_A5TY_19970709,0,0.0
TCGA_HT_7881_19981015,1,0.0
TCGA_FG_7643_20021104,2,0.0
TCGA_CS_6666_20011109,3,6.52
TCGA_HT_A616_19991226,4,2.5
TCGA_DU_5853_19950823,5,0.0
TCGA_CS_6665_20010817,6,0.0
TCGA_HT_A61B_19991127,7,0.0
TCGA_HT_7475_19970918,8,0.0
TCGA_DU_5853_19950823,9,0.53
TCGA_HT_7877_19980917,10,1.18
TCGA_FG_8189_20030516,11,0.0
TCGA_DU_7306_19930512,12,0.0
TCGA_DU_7300_19910814,13,0.0
TCGA_FG_6689_20020326,14,2.25
TCGA_CS_5396_20010302,15,0.0
TCGA_HT_7881_19981015,16,0.36
TCGA_DU_A5TW_19980228,17,0.0
TCGA_DU_7304_19930325,18,0.0
TCGA_DU_7309_19960831,19,0.0
TCGA_CS_6669_20020102,20,0.0
TCGA_DU_6400_19830518,21,0.0
TCGA_DU_8163_19961119,22,0.0
TCGA_DU_8168_19970503,23,7.32
TCGA_DU_A5TR_19970726,24,0.0
TCGA_DU_8165_19970205,25,0.0
TCGA_DU_A5TT_19980318,26,1.73
TCGA_HT_7882_19970125,27,0.0
TCGA_HT_8114_19981030,28,5.91
TCGA_FG_7634_20000128,29,4.17
TCGA_DU_7304_19930325,30,6.16
TCGA_DU_7008_19830723,31,0.0
TCGA_HT_7882_19970125,32,3.66
TCGA_DU_A5TP_19970614,33,3.19
TCGA_DU_A5TY_19970709,34,0.0
TCGA_DU_8163_19961119,35,0.0
TCGA_DU_5854_19951104,36,0.0
TCGA_FG_6688_20020215,37,0.0
TCGA_DU_6405_19851005,38,0.34
TCGA_DU_5849_19950405,39,2.26
TCGA_HT_7855_19951020,40,0.36
TCGA_EZ_7264_20010816,41,0.0
TCGA_DU_7299_19910417,42,0.0
TCGA_DU_8168_19970503,43,0.0
TCGA_HT_7881_19981015,44,0.0
TCGA_DU_6404_19850629,45,0.0
TCGA_CS_5396_20010302,46,4.53
TCGA_FG_A4MU_20030903,47,8.22
TCGA_HT_7608_19940304,48,2.17
TCGA_DU_A5TP_19970614,49,2.84
TCGA_CS_4944_20010208,50,0.0
TCGA_DU_7304_19930325,51,0.0
TCGA_HT_7855_19951020,52,0.0
TCGA_FG_6690_20020226,53,0.0
TCGA_FG_8189_20030516,54,4.39
TCGA_HT_A5RC_19990831,55,0.9
TCGA_DU_5853_19950823,56,1.83
TCGA_FG_7637_20000922,57,0.0
TCGA_FG_5962_20000626,58,0.0
TCGA_DU_7294_19890104,59,0.0
TCGA_DU_7294_19890104,60,0.0
TCGA_FG_7637_20000922,61,3.58
TCGA_DU_A5TW_19980228,62,3.33
TCGA_HT_7690_19960312,63,0.0
TCGA_DU_7300_19910814,64,0.0
TCGA_DU_A5TS_19970726,65,0.0
TCGA_DU_A5TT_19980318,66,0.0
TCGA_FG_5964_20010511,67,0.0
TCGA_HT_A61B_19991127,68,2.16
TCGA_CS_6669_20020102,69,1.88
TCGA_DU_8163_19961119,70,0.0
TCGA_DU_A5TR_19970726,71,3.75
TCGA_HT_7879_19981009,72,0.75
TCGA_CS_6666_20011109,73,0.0
TCGA_DU_7299_19910417,74,0.0
TCGA_DU_A5TU_19980312,75,0.0
TCGA_HT_8106_19970727,76,2.25
TCGA_DU_7010_19860307,77,0.0
TCGA_FG_7643_20021104,78,0.0
TCGA_FG_A4MU_20030903,79,10.27
TCGA_DU_5855_19951217,80,1.4
TCGA_DU_8166_19970322,81,3.66
TCGA_HT_7881_19981015,82,0.66
TCGA_DU_5874_19950510,83,0.0
TCGA_FG_5962_20000626,84,0.0
TCGA_DU_6408_19860521,85,0.0
TCGA_DU_8165_19970205,86,0.9
TCGA_HT_7605_19950916,87,1.97
TCGA_HT_7881_19981015,88,0.66
TCGA_FG_A4MU_20030903,89,0.0
TCGA_CS_5393_19990606,90,2.28
TCGA_DU_7018_19911220,91,3.96
TCGA_DU_5855_19951217,92,0.0
TCGA_DU_6401_19831001,93,0.0
TCGA_FG_A4MU_20030903,94,0.0
TCGA_HT_8107_19980708,95,0.0
TCGA_FG_A4MU_20030903,96,0.0
TCGA_DU_7008_19830723,97,5.65
TCGA_DU_A5TT_19980318,98,0.0
TCGA_CS_6669_20020102,99,0.0
TCGA_FG_6691_20020405,100,0.0
TCGA_FG_7634_20000128,101,0.0
TCGA_DU_6404_19850629,102,0.0
TCGA_DU_8165_19970205,103,0.0
TCGA_FG_7643_20021104,104,0.0
TCGA_HT_7881_19981015,105,0.0
TCGA_CS_6290_20000917,106,0.0
TCGA_DU_8166_19970322,107,0.0
TCGA_DU_6405_19851005,108,0.0
TCGA_DU_5854_19951104,109,1.11
TCGA_FG_6689_20020326,110,6.48
TCGA_HT_7860_19960513,111,1.84
TCGA_DU_6405_19851005,112,0.0
TCGA_DU_5872_19950223,113,0.0
TCGA_DU_7019_19940908,114,1.75
TCGA_FG_6688_20020215,115,2.29
TCGA_HT_A61A_20000127,116,0.0
TCGA_HT_7881_19981015,117,0.0
TCGA_DU_8166_19970322,118,0.0
TCGA_CS_6188_20010812,119,0.0
TCGA_DU_5852_19950709,120,1.35
TCGA_FG_6690_20020226,121,0.0
TCGA_HT_7881_19981015,122,0.0
TCGA_HT_7856_19950831,123,6.77
TCGA_HT_8563_19981209,124,6.18
TCGA_FG_7634_20000128,125,0.0
TCGA_CS_6290_20000917,126,0.0
TCGA_CS_4941_19960909,127,0.0
TCGA_DU_6408_19860521,128,0.0
TCGA_DU_8163_19961119,129,0.0
TCGA_DU_5871_19941206,130,0.0
TCGA_DU_A5TP_19970614,131,0.0
TCGA_HT_8018_19970411,132,0.0
TCGA_FG_6689_20020326,133,5.87
TCGA_FG_A4MT_20020212,134,0.0
TCGA_DU_5872_19950223,135,0.0
TCGA_HT_7692_19960724,136,0.15
TCGA_DU_6405_19851005,137,0.0
TCGA_HT_A61A_20000127,138,3.67
TCGA_DU_7300_19910814,139,0.0
TCGA_DU_5854_19951104,140,0.81
TCGA_CS_6188_20010812,141,0.0
TCGA_DU_7309_19960831,142,0.0
TCGA_DU_A5TT_19980318,143,0.0
TCGA_DU_5851_19950428,144,0.0
TCGA_FG_6692_20020606,145,0.0
TCGA_FG_7643_20021104,146,0.0
TCGA_DU_A5TY_19970709,147,0.0
TCGA_FG_5964_20010511,148,0.51
TCGA_DU_7010_19860307,149,3.07
TCGA_DU_7018_19911220,150,0.0
TCGA_FG_A4MT_20020212,151,3.66
TCGA_DU_5849_19950405,152,0.0
TCGA_HT_7881_19981015,153,0.0
TCGA_DU_8163_19961119,154,0.0
TCGA_DU_7010_19860307,155,2.62
TCGA_DU_5874_19950510,156,0.0
TCGA_CS_6188_20010812,157,0.0
TCGA_DU_5851_19950428,158,0.0
TCGA_DU_7300_19910814,159,1.61
TCGA_HT_8113_19930809,160,0.0
TCGA_DU_6399_19830416,161,0.0
TCGA_FG_6688_20020215,162,3.26
TCGA_HT_A61B_19991127,163,0.0
TCGA_DU_5849_19950405,164,0.0
TCGA_CS_5397_20010315,165,0.0
TCGA_DU_5872_19950223,166,0.0
TCGA_HT_7475_19970918,167,0.98
TCGA_DU_A5TY_19970709,168,0.66
TCGA_FG_A4MT_20020212,169,0.0
TCGA_DU_8166_19970322,170,2.26
TCGA_DU_6404_19850629,171,0.0
TCGA_DU_6404_19850629,172,0.0
TCGA_DU_5874_19950510,173,0.79
TCGA_DU_5872_19950223,174,4.93
TCGA_DU_7008_19830723,175,0.0
TCGA_HT_7616_19940813,176,0.0
TCGA_FG_6690_20020226,177,0.0
TCGA_DU_7309_19960831,178,0.0
TCGA_FG_6688_20020215,179,0.0
TCGA_HT_7856_19950831,180,0.0
TCGA_DU_A5TU_19980312,181,0.0
TCGA_DU_7019_19940908,182,0.0
TCGA_DU_7306_19930512,183,2.76
TCGA_HT_7879_19981009,184,0.0
TCGA_EZ_7264_20010816,185,2.37
TCGA_DU_5874_19950510,186,0.0
TCGA_FG_5962_20000626,187,0.0
TCGA_DU_8167_19970402,188,0.0
TCGA_DU_7013_19860523,189,0.0
TCGA_FG_7643_20021104,190,0.0
TCGA_HT_A61B_19991127,191,0.77
TCGA_DU_7304_19930325,192,5.54
TCGA_DU_7019_19940908,193,0.0
TCGA_HT_7692_19960724,194,0.0
TCGA_FG_7643_20021104,195,0.0
TCGA_HT_7616_19940813,196,2.85
TCGA_DU_7309_19960831,197,0.0
TCGA_DU_7014_19860618,198,0.0
TCGA_CS_4943_20000902,199,2.48
TCGA_HT_8106_19970727,200,1.11
TCGA_CS_5397_20010315,201,0.0
TCGA_DU_8163_19961119,202,0.0
TCGA_CS_4943_20000902,203,0.0
TCGA_HT_7473_19970826,204,0.0
TCGA_DU_5851_19950428,205,3.06
TCGA_HT_7881_19981015,206,0.0
TCGA_HT_7882_19970125,207,0.0
TCGA_FG_5964_20010511,208,0.0
TCGA_CS_6188_20010812,209,0.0
TCGA_DU_7294_19890104,210,0.81
TCGA_DU_5872_19950223,211,0.0
TCGA_HT_7608_19940304,212,0.0
TCGA_HT_7881_19981015,213,0.0
TCGA_FG_6688_20020215,214,0.0
TCGA_DU_7298_19910324,215,0.0
TCGA_DU_5852_19950709,216,0.0
TCGA_HT_7680_19970202,217,0.0
TCGA_FG_6692_20020606,218,0.0
TCGA_FG_6690_20020226,219,0.0
TCGA_DU_A5TT_19980318,220,0.0
TCGA_DU_7299_19910417,221,0.0
TCGA_DU_A5TW_19980228,222,0.0
TCGA_CS_6188_20010812,223,0.2
TCGA_DU_7008_19830723,224,0.0
TCGA_HT_7694_19950404,225,0.0
TCGA_DU_6401_19831001,226,6.49
TCGA_DU_8162_19961029,227,0.0
TCGA_DU_6407_19860514,228,0.93
TCGA_DU_8166_19970322,229,0.0
TCGA_HT_7877_19980917,230,0.0
TCGA_FG_7643_20021104,231,0.0
TCGA_DU_A5TR_19970726,232,0.84
TCGA_HT_A61B_19991127,233,0.0
TCGA_HT_A5RC_19990831,234,0.0
TCGA_DU_7013_19860523,235,0.0
TCGA_HT_A61A_20000127,236,0.93
TCGA_HT_7680_19970202,237,0.0
TCGA_FG_7643_20021104,238,0.0
TCGA_DU_5852_19950709,239,0.34
TCGA_FG_6692_20020606,240,0.0
TCGA_DU_8162_19961029,241,0.0
TCGA_DU_5874_19950510,242,0.0
TCGA_DU_5854_19951104,243,0.0
TCGA_HT_7473_19970826,244,0.0
TCGA_DU_A5TP_19970614,245,0.0
TCGA_DU_7309_19960831,246,0.0
TCGA_DU_5852_19950709,247,0.0
TCGA_HT_8114_19981030,248,4.39
TCGA_DU_6404_19850629,249,0.0
TCGA_DU_8165_19970205,250,0.0
TCGA_CS_4942_19970222,251,0.0
TCGA_DU_6404_19850629,252,0.07
TCGA_HT_7882_19970125,253,8.57
TCGA_HT_7860_19960513,254,0.09
TCGA_CS_5393_19990606,255,0.0
TCGA_DU_7019_19940908,256,0.0
TCGA_DU_7018_19911220,257,0.0
TCGA_FG_A60K_20040224,258,0.0
TCGA_HT_7475_19970918,259,4.64
TCGA_DU_5855_19951217,260,7.05
TCGA_CS_6186_20000601,261,0.0
TCGA_DU_8167_19970402,262,0.0
TCGA_EZ_7264_20010816,263,0.0
TCGA_DU_A5TP_19970614,264,0.0
TCGA_DU_A5TR_19970726,265,0.0
TCGA_HT_7602_19951103,266,0.62
TCGA_DU_6399_19830416,267,0.0
TCGA_HT_8111_19980330,268,2.5
TCGA_DU_5872_19950223,269,0.0
TCGA_DU_5853_19950823,270,0.0
TCGA_DU_7018_19911220,271,0.0
TCGA_DU_6401_19831001,272,0.0
TCGA_DU_6405_19851005,273,0.0
TCGA_DU_A5TP_19970614,274,0.0
TCGA_DU_6401_19831001,275,4.93
TCGA_HT_7605_19950916,276,0.0
TCGA_DU_7309_19960831,277,1.59
TCGA_HT_7856_19950831,278,0.0
TCGA_DU_A5TT_19980318,279,0.0
TCGA_DU_5872_19950223,280,0.0
TCGA_DU_A5TR_19970726,281,0.0
TCGA_HT_7693_19950520,282,0.0
TCGA_HT_7881_19981015,283,0.0
TCGA_DU_6407_19860514,284,0.0
TCGA_DU_7294_19890104,285,0.0
TCGA_FG_A60K_20040224,286,0.0
TCGA_DU_A5TT_19980318,287,0.0
TCGA_DU_8163_19961119,288,0.0
TCGA_HT_7686_19950629,289,3.27
TCGA_FG_8189_20030516,290,3.99
TCGA_DU_A5TT_19980318,291,0.0
TCGA_FG_5962_20000626,292,0.0
TCGA_DU_5874_19950510,293,0.0
TCGA_DU_7008_19830723,294,7.24
TCGA_DU_6404_19850629,295,0.59
TCGA_DU_6399_19830416,296,0.0
TCGA_DU_8163_19961119,297,0.0
TCGA_DU_A5TR_19970726,298,0.0
TCGA_DU_6400_19830518,299,0.0
TCGA_HT_A61A_20000127,300,3.75
TCGA_FG_7643_20021104,301,0.0
TCGA_FG_A60K_20040224,302,0.0
TCGA_DU_8167_19970402,303,0.0
TCGA_DU_6405_19851005,304,0.0
TCGA_DU_7298_19910324,305,0.0
TCGA_FG_8189_20030516,306,3.59
TCGA_DU_7306_19930512,307,2.11
TCGA_DU_7301_19911112,308,0.0
TCGA_FG_A60K_20040224,309,0.0
TCGA_HT_7879_19981009,310,0.27
TCGA_DU_8163_19961119,311,0.0
TCGA_DU_8165_19970205,312,0.43
TCGA_CS_6667_20011105,313,0.0
TCGA_DU_8163_19961119,314,0.0
TCGA_DU_5849_19950405,315,0.0
TCGA_DU_5872_19950223,316,0.0
TCGA_DU_7013_19860523,317,0.59
TCGA_CS_6186_20000601,318,0.0
TCGA_DU_6405_19851005,319,0.0
TCGA_CS_5393_19990606,320,0.0
TCGA_DU_7010_19860307,321,5.42
TCGA_DU_8164_19970111,322,4.88
TCGA_FG_6688_20020215,323,0.0
TCGA_DU_7010_19860307,324,0.0
TCGA_HT_7602_19951103,325,0.0
TCGA_DU_7014_19860618,326,0.0
TCGA_FG_6690_20020226,327,0.0
TCGA_DU_5872_19950223,328,0.0
TCGA_DU_8162_19961029,329,0.0
TCGA_DU_6408_19860521,330,5.96
TCGA_DU_6400_19830518,331,0.0
TCGA_DU_7014_19860618,332,4.32
TCGA_CS_6666_20011109,333,0.0
TCGA_FG_5962_20000626,334,4.15
TCGA_DU_A5TW_19980228,335,0.0
TCGA_DU_7306_19930512,336,0.0
TCGA_FG_A4MT_20020212,337,5.24
TCGA_DU_7309_19960831,338,0.0
TCGA_CS_4942_19970222,339,0.0
TCGA_DU_7306_19930512,340,0.0
TCGA_FG_8189_20030516,341,0.0
TCGA_HT_7855_19951020,342,0.0
TCGA_HT_7881_19981015,343,0.0
TCGA_HT_7608_19940304,344,0.0
TCGA_FG_6689_20020326,345,0.35
TCGA_DU_7302_19911203,346,0.65
TCGA_DU_7014_19860618,347,4.35
TCGA_DU_7010_19860307,348,0.0
TCGA_HT_7684_19950816,349,0.0
TCGA_DU_5854_19951104,350,0.0
TCGA_DU_6405_19851005,351,0.0
TCGA_HT_A616_19991226,352,0.0
TCGA_CS_4941_19960909,353,0.0
TCGA_DU_7019_19940908,354,2.57
TCGA_HT_A616_19991226,355,0.0
TCGA_HT_A61B_19991127,356,0.0
TCGA_DU_8162_19961029,357,0.0
TCGA_HT_7690_19960312,358,4.46
TCGA_DU_6408_19860521,359,4.31
TCGA_DU_8164_19970111,360,2.56
TCGA_DU_5872_19950223,361,0.0
TCGA_HT_7680_19970202,362,0.0
TCGA_HT_7881_19981015,363,1.42
TCGA_DU_8166_19970322,364,0.0
TCGA_DU_A5TY_19970709,365,0.0
TCGA_DU_6404_19850629,366,0.0
TCGA_DU_A5TT_19980318,367,0.27
TCGA_HT_7684_19950816,368,0.0
TCGA_HT_7879_19981009,369,0.0
TCGA_DU_5874_19950510,370,0.0
TCGA_DU_7299_19910417,371,0.0
TCGA_CS_6290_20000917,372,1.86
TCGA_HT_7608_19940304,373,0.0
TCGA_HT_7877_19980917,374,0.0
TCGA_HT_A61A_20000127,375,3.7
TCGA_DU_5872_19950223,376,0.0
TCGA_DU_7301_19911112,377,1.93
TCGA_HT_A61B_19991127,378,0.0
TCGA_DU_7008_19830723,379,5.65
TCGA_DU_7008_19830723,380,0.0
TCGA_HT_7608_19940304,381,0.0
TCGA_CS_6666_20011109,382,5.98
TCGA_DU_5849_19950405,383,0.0
TCGA_DU_5874_19950510,384,0.0
TCGA_CS_6290_20000917,385,3.03
TCGA_DU_7300_19910814,386,3.49
TCGA_FG_A4MT_20020212,387,0.0
TCGA_HT_8106_19970727,388,0.0
TCGA_FG_A4MU_20030903,389,4.41
TCGA_DU_5849_19950405,390,0.0
TCGA_HT_7475_19970918,391,0.0
TCGA_DU_6404_19850629,392,1.68
TCGA_FG_8189_20030516,393,0.0
TCGA_FG_6691_20020405,394,0.0
TCGA_DU_7294_19890104,395,0.45
TCGA_FG_5964_20010511,396,0.0
TCGA_CS_5396_20010302,397,4.3
TCGA_FG_6690_20020226,398,0.2
TCGA_HT_7608_19940304,399,5.55
TCGA_DU_8167_19970402,400,0.23
TCGA_HT_7860_19960513,401,1.18
TCGA_DU_8168_19970503,402,7.63
TCGA_DU_7018_19911220,403,1.03
TCGA_DU_7302_19911203,404,0.65
TCGA_FG_A60K_20040224,405,0.0
TCGA_DU_8165_19970205,406,0.0
TCGA_DU_8163_19961119,407,0.0
TCGA_HT_7473_19970826,408,0.0
TCGA_DU_8167_19970402,409,0.0
TCGA_HT_8111_19980330,410,0.0
TCGA_DU_8163_19961119,411,0.0
TCGA_DU_6405_19851005,412,1.02
TCGA_HT_8018_19970411,413,0.0
TCGA_DU_7298_19910324,414,0.0
TCGA_DU_7301_19911112,415,0.0
TCGA_CS_5397_20010315,416,0.0
TCGA_FG_A4MU_20030903,417,0.0
TCGA_DU_6407_19860514,418,0.0
TCGA_HT_A61A_20000127,419,0.0
TCGA_CS_6668_20011025,420,2.51
TCGA_HT_A5RC_19990831,421,0.0
TCGA_HT_A61A_20000127,422,0.0
TCGA_DU_6408_19860521,423,7.97
TCGA_CS_6665_20010817,424,1.52
TCGA_DU_6407_19860514,425,0.0
TCGA_HT_A61A_20000127,426,0.0
TCGA_DU_6399_19830416,427,1.69
TCGA_DU_A5TR_19970726,428,0.0
TCGA_DU_8167_19970402,429,0.0
TCGA_FG_7643_20021104,430,0.0
TCGA_DU_6408_19860521,431,1.86
TCGA_DU_7302_19911203,432,0.83
TCGA_DU_7309_19960831,433,1.04
TCGA_HT_A61B_19991127,434,0.0
TCGA_HT_8114_19981030,435,4.97
TCGA_DU_5852_19950709,436,0.0
TCGA_FG_8189_20030516,437,0.0
TCGA_FG_7637_20000922,438,3.17
TCGA_DU_8165_19970205,439,0.0
TCGA_DU_6405_19851005,440,0.0
TCGA_CS_5396_20010302,441,0.0
TCGA_DU_7304_19930325,442,6.86
TCGA_DU_6400_19830518,443,0.2
TCGA_HT_7877_19980917,444,0.0
TCGA_DU_5855_19951217,445,5.62
TCGA_DU_8165_19970205,446,0.0
TCGA_DU_5874_19950510,447,0.0
TCGA_DU_7300_19910814,448,0.0
TCGA_HT_7475_19970918,449,2.45
TCGA_DU_A5TP_19970614,450,0.0
TCGA_FG_A60K_20040224,451,0.0
TCGA_HT_7879_19981009,452,0.0
TCGA_FG_A4MU_20030903,453,0.0
TCGA_FG_7637_20000922,454,0.56
TCGA_DU_7014_19860618,455,0.0
TCGA_DU_5853_19950823,456,0.0
TCGA_DU_6408_19860521,457,4.79
TCGA_DU_5854_19951104,458,0.0
TCGA_CS_6665_20010817,459,0.0
TCGA_HT_7881_19981015,460,0.87
TCGA_DU_6408_19860521,461,0.0
TCGA_FG_A4MT_20020212,462,1.53
TCGA_DU_A5TY_19970709,463,0.0
TCGA_FG_6688_20020215,464,0.0
TCGA_DU_6404_19850629,465,2.85
TCGA_HT_7879_19981009,466,0.0
TCGA_HT_8018_19970411,467,0.0
TCGA_DU_7300_19910814,468,0.0
TCGA_HT_A61A_20000127,469,1.06
TCGA_FG_6691_20020405,470,3.82
TCGA_FG_6691_20020405,471,0.0
TCGA_CS_4943_20000902,472,0.0
TCGA_DU_5872_19950223,473,2.01
TCGA_DU_7010_19860307,474,0.0
TCGA_HT_7605_19950916,475,0.0
TCGA_FG_7634_20000128,476,0.0
TCGA_DU_5854_19951104,477,0.6
TCGA_DU_5871_19941206,478,6.79
TCGA_DU_7019_19940908,479,4.25
TCGA_HT_A61B_19991127,480,0.0
TCGA_DU_A5TP_19970614,481,0.0
TCGA_DU_5872_19950223,482,0.0
TCGA_FG_7643_20021104,483,0.0
TCGA_CS_6188_20010812,484,0.0
TCGA_DU_7008_19830723,485,0.0
TCGA_DU_7309_19960831,486,0.0
TCGA_DU_8162_19961029,487,0.0
TCGA_DU_6408_19860521,488,5.99
TCGA_CS_4944_20010208,489,0.0
TCGA_HT_A61B_19991127,490,0.0
TCGA_HT_7605_19950916,491,0.0
TCGA_DU_A5TW_19980228,492,2.8
TCGA_DU_5851_19950428,493,0.0
TCGA_DU_5872_19950223,494,0.0
TCGA_HT_A61B_19991127,495,0.0
TCGA_HT_7877_19980917,496,2.36
TCGA_FG_5964_20010511,497,0.0
TCGA_FG_7643_20021104,498,0.0
TCGA_HT_7881_19981015,499,0.26
TCGA_HT_A5RC_19990831,500,2.36
TCGA_HT_A61B_19991127,501,0.0
TCGA_DU_5849_19950405,502,0.0
TCGA_DU_7309_19960831,503,0.0
TCGA_HT_7690_19960312,504,0.0
TCGA_DU_6399_19830416,505,0.0
TCGA_FG_6688_20020215,506,2.84
TCGA_DU_7008_19830723,507,2.69
TCGA_DU_7309_19960831,508,0.0
TCGA_FG_A60K_20040224,509,0.0
TCGA_DU_6408_19860521,510,0.0
TCGA_HT_7877_19980917,511,0.0
TCGA_FG_7643_20021104,512,0.0
TCGA_DU_A5TS_19970726,513,0.0
TCGA_DU_6400_19830518,514,0.0
TCGA_DU_A5TY_19970709,515,0.0
TCGA_DU_8168_19970503,516,2.07
TCGA_HT_7882_19970125,517,0.0
TCGA_DU_7304_19930325,518,5.82
TCGA_HT_7860_19960513,519,0.0
TCGA_FG_A60K_20040224,520,0.0
TCGA_DU_7008_19830723,521,6.2
TCGA_DU_6401_19831001,522,6.99
TCGA_DU_8168_19970503,523,5.28
TCGA_DU_A5TP_19970614,524,0.0
TCGA_DU_7306_19930512,525,0.4
TCGA_HT_7690_19960312,526,0.0
TCGA_DU_7304_19930325,527,0.0
TCGA_HT_7882_19970125,528,0.0
TCGA_DU_5854_19951104,529,0.32
TCGA_FG_7643_20021104,530,0.0
TCGA_HT_7605_19950916,531,2.84
TCGA_DU_6407_19860514,532,0.07
TCGA_DU_7019_19940908,533,0.0
TCGA_DU_8168_19970503,534,1.75
TCGA_HT_8114_19981030,535,6.49
TCGA_HT_7690_19960312,536,0.0
TCGA_DU_A5TS_19970726,537,0.0
TCGA_FG_A60K_20040224,538,0.0
TCGA_HT_7881_19981015,539,0.91
TCGA_DU_7008_19830723,540,0.0
TCGA_HT_8106_19970727,541,0.0
TCGA_FG_6692_20020606,542,2.09
TCGA_DU_7309_19960831,543,0.0
TCGA_FG_A60K_20040224,544,0.0
TCGA_DU_5855_19951217,545,5.77
TCGA_HT_A61B_19991127,546,0.0
TCGA_DU_5853_19950823,547,1.09
TCGA_CS_4942_19970222,548,0.0
TCGA_DU_5852_19950709,549,0.0
TCGA_DU_7010_19860307,550,4.11
TCGA_DU_7298_19910324,551,0.0
TCGA_HT_7605_19950916,552,2.75
TCGA_DU_7306_19930512,553,3.32
TCGA_HT_7692_19960724,554,0.0
TCGA_DU_A5TS_19970726,555,0.0
TCGA_FG_6689_20020326,556,0.0
TCGA_HT_7684_19950816,557,0.0
TCGA_DU_8163_19961119,558,2.08
TCGA_DU_5854_19951104,559,0.0
TCGA_FG_6690_20020226,560,0.0
TCGA_HT_7882_19970125,561,6.83
TCGA_EZ_7264_20010816,562,0.0
TCGA_DU_8162_19961029,563,0.0
TCGA_DU_7304_19930325,564,0.0
TCGA_DU_8162_19961029,565,0.0
TCGA_FG_6689_20020326,566,7.07
TCGA_DU_7013_19860523,567,1.24
TCGA_FG_8189_20030516,568,0.0
TCGA_DU_5849_19950405,569,2.31
TCGA_HT_8018_19970411,570,0.0
TCGA_HT_8107_19980708,571,2.28
TCGA_DU_7018_19911220,572,10.83
TCGA_CS_6667_20011105,573,0.0
TCGA_CS_6667_20011105,574,0.38
TCGA_HT_7860_19960513,575,0.0
TCGA_FG_6690_20020226,576,0.0
TCGA_HT_7690_19960312,577,5.8
TCGA_FG_7643_20021104,578,0.0
TCGA_DU_8168_19970503,579,0.0
TCGA_DU_7300_19910814,580,0.0
TCGA_FG_6692_20020606,581,1.48
TCGA_DU_6407_19860514,582,4.22
TCGA_HT_7605_19950916,583,0.0
TCGA_CS_6666_20011109,584,2.35
TCGA_FG_6689_20020326,585,0.0
TCGA_FG_6688_20020215,586,3.26
TCGA_DU_7014_19860618,587,4.55
TCGA_DU_5874_19950510,588,0.0
TCGA_FG_6691_20020405,589,0.67
TCGA_DU_7010_19860307,590,0.0
TCGA_DU_8162_19961029,591,2.08
TCGA_CS_4944_20010208,592,0.0
TCGA_HT_8114_19981030,593,0.0
TCGA_CS_6186_20000601,594,0.0
TCGA_DU_6399_19830416,595,0.0
TCGA_FG_7643_20021104,596,0.0
TCGA_HT_7608_19940304,597,1.2
TCGA_HT_7605_19950916,598,1.97
TCGA_HT_7693_19950520,599,0.0
TCGA_CS_6186_20000601,600,0.0
TCGA_CS_6188_20010812,601,0.0
TCGA_DU_8163_19961119,602,0.0
TCGA_DU_8168_19970503,603,0.0
TCGA_CS_5395_19981004,604,0.0
TCGA_FG_6690_20020226,605,0.0
TCGA_FG_A4MU_20030903,606,12.29
TCGA_DU_6407_19860514,607,1.87
TCGA_DU_6399_19830416,608,0.0
TCGA_DU_A5TT_19980318,609,1.56
TCGA_HT_7608_19940304,610,0.0
TCGA_DU_8167_19970402,611,2.84
TCGA_CS_6667_20011105,612,0.0
TCGA_DU_7010_19860307,613,0.0
TCGA_HT_7884_19980913,614,0.0
TCGA_CS_5395_19981004,615,0.0
TCGA_DU_7309_19960831,616,0.0
TCGA_DU_7014_19860618,617,0.0
TCGA_DU_7010_19860307,618,0.0
TCGA_DU_5872_19950223,619,0.0
TCGA_HT_8114_19981030,620,0.0
TCGA_HT_7694_19950404,621,1.84
TCGA_HT_A61B_19991127,622,0.49
TCGA_DU_7294_19890104,623,0.0
TCGA_CS_4942_19970222,624,0.0
TCGA_HT_7694_19950404,625,0.32
TCGA_DU_5871_19941206,626,0.0
TCGA_FG_A60K_20040224,627,0.57
TCGA_HT_7616_19940813,628,3.97
TCGA_FG_5962_20000626,629,0.0
TCGA_HT_7881_19981015,630,0.0
TCGA_HT_8107_19980708,631,2.26
TCGA_CS_4944_20010208,632,0.0
TCGA_DU_8162_19961029,633,2.57
TCGA_HT_7684_19950816,634,0.0
TCGA_DU_7309_19960831,635,0.0
TCGA_DU_A5TT_19980318,636,0.16
TCGA_DU_6401_19831001,637,0.0
TCGA_HT_8114_19981030,638,0.0
TCGA_DU_7300_19910814,639,0.0
TCGA_HT_8106_19970727,640,3.97
TCGA_DU_7019_19940908,641,0.0
TCGA_HT_7881_19981015,642,0.0
TCGA_DU_5853_19950823,643,0.0
TCGA_DU_6400_19830518,644,0.0
TCGA_DU_A5TS_19970726,645,4.01
TCGA_FG_6690_20020226,646,0.0
TCGA_CS_4942_19970222,647,0.0
TCGA_CS_4942_19970222,648,1.2
TCGA_DU_5872_19950223,649,0.0
TCGA_HT_A61A_20000127,650,4.0
TCGA_DU_6405_19851005,651,0.0
TCGA_FG_A4MT_20020212,652,0.0
TCGA_HT_8111_19980330,653,0.0
TCGA_DU_A5TU_19980312,654,2.31
TCGA_HT_7874_19950902,655,0.0
TCGA_FG_8189_20030516,656,0.0
TCGA_FG_5962_20000626,657,1.5
TCGA_HT_7879_19981009,658,0.0
TCGA_HT_A61A_20000127,659,0.0
TCGA_HT_7874_19950902,660,0.0
TCGA_DU_5853_19950823,661,0.0
TCGA_DU_6405_19851005,662,0.0
TCGA_DU_6399_19830416,663,0.0
TCGA_DU_7013_19860523,664,0.0
TCGA_CS_6665_20010817,665,2.97
TCGA_DU_5853_19950823,666,0.0
TCGA_DU_8167_19970402,667,0.0
TCGA_DU_A5TY_19970709,668,0.0
TCGA_HT_8018_19970411,669,0.0
TCGA_HT_7616_19940813,670,5.27
TCGA_DU_7014_19860618,671,4.55
TCGA_HT_7877_19980917,672,0.0
TCGA_FG_7637_20000922,673,0.0
TCGA_HT_8563_19981209,674,5.87
TCGA_CS_4943_20000902,675,2.48
TCGA_CS_6290_20000917,676,0.0
TCGA_DU_A5TY_19970709,677,0.0
TCGA_DU_7010_19860307,678,3.41
TCGA_DU_8167_19970402,679,0.0
TCGA_DU_5874_19950510,680,0.0
TCGA_FG_7637_20000922,681,0.0
TCGA_DU_6400_19830518,682,2.39
TCGA_DU_6400_19830518,683,0.0
TCGA_HT_8113_19930809,684,0.0
TCGA_CS_5395_19981004,685,0.0
TCGA_DU_7298_19910324,686,0.0
TCGA_HT_7686_19950629,687,0.0
TCGA_FG_7637_20000922,688,0.0
TCGA_FG_A60K_20040224,689,0.09
TCGA_FG_A4MU_20030903,690,0.0
TCGA_FG_7634_20000128,691,0.0
TCGA_DU_7010_19860307,692,0.0
TCGA_DU_6400_19830518,693,0.34
TCGA_DU_5849_19950405,694,0.0
TCGA_FG_6688_20020215,695,0.0
TCGA_HT_A616_19991226,696,0.18
TCGA_DU_A5TW_19980228,697,0.0
TCGA_DU_7010_19860307,698,0.0
TCGA_FG_5964_20010511,699,0.0
TCGA_DU_A5TS_19970726,700,0.75
TCGA_DU_A5TT_19980318,701,0.0
TCGA_HT_7882_19970125,702,0.0
TCGA_DU_7294_19890104,703,0.0
TCGA_HT_7605_19950916,704,0.0
TCGA_DU_5854_19951104,705,0.0
TCGA_HT_7680_19970202,706,0.0
TCGA_DU_7298_19910324,707,0.0
TCGA_HT_7475_19970918,708,0.0
TCGA_HT_7473_19970826,709,0.0
TCGA_HT_8563_19981209,710,0.0
TCGA_FG_A60K_20040224,711,0.0
TCGA_CS_4942_19970222,712,1.2
TCGA_DU_7304_19930325,713,2.59
TCGA_FG_5964_20010511,714,2.05
TCGA_FG_7643_20021104,715,0.0
TCGA_FG_6690_20020226,716,0.0
TCGA_DU_5874_19950510,717,0.0
TCGA_DU_7019_19940908,718,0.0
TCGA_HT_A616_19991226,719,2.07
TCGA_DU_A5TP_19970614,720,0.0
TCGA_CS_6668_20011025,721,0.0
TCGA_DU_6405_19851005,722,0.0
TCGA_DU_6407_19860514,723,0.0
TCGA_DU_7013_19860523,724,0.0
TCGA_DU_7302_19911203,725,0.0
TCGA_HT_7856_19950831,726,0.0
TCGA_FG_7643_20021104,727,0.0
TCGA_CS_6665_20010817,728,0.0
TCGA_DU_6401_19831001,729,7.04
TCGA_DU_7309_19960831,730,0.0
TCGA_HT_7608_19940304,731,7.01
TCGA_DU_5874_19950510,732,0.0
TCGA_FG_6692_20020606,733,1.06
TCGA_DU_5872_19950223,734,4.93
TCGA_HT_7855_19951020,735,0.0
TCGA_DU_5872_19950223,736,0.0
TCGA_DU_5851_19950428,737,0.0
TCGA_DU_8166_19970322,738,1.11
TCGA_FG_6690_20020226,739,0.0
TCGA_DU_5852_19950709,740,0.0
TCGA_HT_8111_19980330,741,0.0
TCGA_DU_7013_19860523,742,0.0
TCGA_HT_7684_19950816,743,0.0
TCGA_FG_8189_20030516,744,1.19
TCGA_HT_A61A_20000127,745,3.67
TCGA_DU_8168_19970503,746,0.0
TCGA_CS_6186_20000601,747,0.52
TCGA_HT_A5RC_19990831,748,0.0
TCGA_EZ_7264_20010816,749,0.0
TCGA_CS_6669_20020102,750,5.15
TCGA_DU_5853_19950823,751,0.0
TCGA_FG_6690_20020226,752,0.0
TCGA_DU_8167_19970402,753,0.0
TCGA_CS_5397_20010315,754,1.17
TCGA_DU_6401_19831001,755,7.04
TCGA_HT_A61A_20000127,756,3.83
TCGA_HT_7874_19950902,757,0.16
TCGA_DU_A5TT_19980318,758,0.98
TCGA_CS_6669_20020102,759,1.28
TCGA_HT_7694_19950404,760,0.0
TCGA_HT_7877_19980917,761,2.31
TCGA_DU_A5TS_19970726,762,0.0
TCGA_CS_5395_19981004,763,0.0
TCGA_DU_6405_19851005,764,0.0
TCGA_FG_6691_20020405,765,3.33
TCGA_HT_8105_19980826,766,8.87
TCGA_DU_8165_19970205,767,0.0
TCGA_HT_8105_19980826,768,0.0
TCGA_HT_7686_19950629,769,1.81
TCGA_DU_6405_19851005,770,0.0
TCGA_CS_6669_20020102,771,4.36
TCGA_FG_8189_20030516,772,4.75
TCGA_DU_8163_19961119,773,0.0
TCGA_HT_7690_19960312,774,4.46
TCGA_DU_6405_19851005,775,0.0
TCGA_CS_5395_19981004,776,0.0
TCGA_DU_7298_19910324,777,0.0
TCGA_FG_6692_20020606,778,2.09
TCGA_HT_7475_19970918,779,0.0
TCGA_HT_7608_19940304,780,7.01
TCGA_DU_8165_19970205,781,0.68
TCGA_DU_7010_19860307,782,0.0
TCGA_DU_7302_19911203,783,0.0
TCGA_DU_6405_19851005,784,0.0
TCGA_DU_A5TS_19970726,785,0.0
TCGA_DU_5872_19950223,786,0.0
TCGA_DU_7301_19911112,787,0.0
TCGA_HT_A5RC_19990831,788,0.0
TCGA_CS_6186_20000601,789,0.0
TCGA_DU_7008_19830723,790,0.0
TCGA_FG_A60K_20040224,791,1.0
TCGA_FG_6689_20020326,792,6.32
TCGA_DU_A5TW_19980228,793,0.0
TCGA_DU_7014_19860618,794,0.0
TCGA_DU_8162_19961029,795,1.93
TCGA_HT_7605_19950916,796,0.0
TCGA_DU_A5TP_19970614,797,2.51
TCGA_DU_7019_19940908,798,3.58
TCGA_DU_7019_19940908,799,3.85
TCGA_DU_A5TP_19970614,800,0.0
TCGA_DU_7300_19910814,801,0.0
TCGA_HT_A61B_19991127,802,1.64
TCGA_CS_6668_20011025,803,0.0
TCGA_DU_6401_19831001,804,0.0
TCGA_CS_5397_20010315,805,0.0
TCGA_DU_5855_19951217,806,5.77
TCGA_DU_8168_19970503,807,0.0
TCGA_DU_6404_19850629,808,0.0
TCGA_FG_A4MT_20020212,809,0.0
TCGA_HT_A61B_19991127,810,0.0
TCGA_HT_7475_19970918,811,1.21
TCGA_DU_5853_19950823,812,0.0
TCGA_DU_8162_19961029,813,0.0
TCGA_FG_A4MT_20020212,814,0.62
TCGA_DU_6401_19831001,815,0.09
TCGA_DU_5855_19951217,816,0.0
TCGA_FG_6689_20020326,817,2.34
TCGA_HT_7882_19970125,818,0.0
TCGA_CS_5393_19990606,819,0.0
TCGA_DU_5853_19950823,820,0.0
TCGA_FG_6689_20020326,821,0.27
TCGA_DU_A5TY_19970709,822,1.67
TCGA_DU_5872_19950223,823,0.0
TCGA_FG_6692_20020606,824,0.0
TCGA_DU_6408_19860521,825,0.0
TCGA_DU_7014_19860618,826,4.06
TCGA_EZ_7264_20010816,827,1.78
TCGA_CS_6186_20000601,828,0.0
TCGA_HT_7877_19980917,829,0.0
TCGA_FG_6692_20020606,830,0.0
TCGA_HT_7874_19950902,831,4.21
TCGA_CS_5393_19990606,832,8.27
TCGA_DU_5853_19950823,833,1.83
TCGA_FG_5964_20010511,834,0.0
TCGA_DU_8162_19961029,835,1.01
TCGA_HT_7475_19970918,836,0.2
TCGA_DU_8166_19970322,837,0.0
TCGA_HT_8563_19981209,838,0.0
TCGA_HT_7616_19940813,839,0.0
TCGA_HT_7602_19951103,840,0.0
TCGA_HT_8105_19980826,841,0.0
TCGA_FG_A60K_20040224,842,0.77
TCGA_HT_7684_19950816,843,5.63
TCGA_HT_7877_19980917,844,0.0
TCGA_DU_7013_19860523,845,0.0
TCGA_DU_5874_19950510,846,0.0
TCGA_CS_6669_20020102,847,3.33
TCGA_DU_7301_19911112,848,0.0
TCGA_DU_5852_19950709,849,0.0
TCGA_HT_7608_19940304,850,5.02
TCGA_DU_8168_19970503,851,0.0
TCGA_CS_6290_20000917,852,0.56
TCGA_FG_A4MU_20030903,853,0.0
TCGA_DU_8164_19970111,854,1.18
TCGA_HT_7882_19970125,855,1.9
TCGA_DU_7302_19911203,856,0.0
TCGA_DU_7302_19911203,857,0.0
TCGA_DU_5872_19950223,858,0.0
TCGA_DU_A5TU_19980312,859,0.0
TCGA_HT_A616_19991226,860,0.0
TCGA_FG_6688_20020215,861,0.0
TCGA_DU_7309_19960831,862,0.0
TCGA_FG_6689_20020326,863,0.0
TCGA_DU_7019_19940908,864,0.0
TCGA_HT_8563_19981209,865,0.45
TCGA_DU_A5TR_19970726,866,0.0
TCGA_HT_A5RC_19990831,867,2.38
TCGA_HT_7860_19960513,868,0.0
TCGA_HT_8018_19970411,869,3.59
TCGA_DU_7309_19960831,870,0.0
TCGA_HT_A61A_20000127,871,0.0
TCGA_FG_5962_20000626,872,2.56
TCGA_HT_7879_19981009,873,3.19
TCGA_DU_7298_19910324,874,0.0
TCGA_DU_A5TW_19980228,875,0.49
TCGA_DU_6399_19830416,876,3.17
TCGA_DU_7014_19860618,877,0.0
TCGA_FG_8189_20030516,878,0.0
TCGA_FG_A4MU_20030903,879,0.0
TCGA_FG_5962_20000626,880,4.14
TCGA_HT_7881_19981015,881,0.0
TCGA_HT_7680_19970202,882,0.0
TCGA_HT_8107_19980708,883,2.26
TCGA_HT_A61B_19991127,884,0.0
TCGA_HT_A616_19991226,885,1.4
TCGA_DU_8163_19961119,886,0.0
TCGA_DU_5874_19950510,887,0.0
TCGA_DU_A5TW_19980228,888,6.24
TCGA_DU_7014_19860618,889,0.0
TCGA_DU_8168_19970503,890,0.0
TCGA_DU_7298_19910324,891,0.0
TCGA_DU_6399_19830416,892,0.74
TCGA_CS_4943_20000902,893,1.28
TCGA_HT_7686_19950629,894,0.0
TCGA_HT_A616_19991226,895,0.0
TCGA_HT_7881_19981015,896,1.42
TCGA_DU_8162_19961029,897,0.0
TCGA_DU_6408_19860521,898,4.31
TCGA_DU_7008_19830723,899,0.0
TCGA_DU_7306_19930512,900,0.0
TCGA_CS_6668_20011025,901,0.09
TCGA_DU_A5TR_19970726,902,0.0
TCGA_HT_7856_19950831,903,0.0
TCGA_HT_7874_19950902,904,0.0
TCGA_FG_7634_20000128,905,0.0
TCGA_CS_5395_19981004,906,0.0
TCGA_FG_A60K_20040224,907,0.0
TCGA_CS_5396_20010302,908,0.0
TCGA_HT_7855_19951020,909,0.0
TCGA_DU_A5TS_19970726,910,0.0
TCGA_FG_6691_20020405,911,0.0
TCGA_DU_6405_19851005,912,1.17
TCGA_FG_8189_20030516,913,0.0
TCGA_FG_7643_20021104,914,0.0
TCGA_HT_7475_19970918,915,0.0
TCGA_HT_7874_19950902,916,4.21
TCGA_DU_7294_19890104,917,0.0
TCGA_DU_7306_19930512,918,0.0
TCGA_DU_7010_19860307,919,6.57
TCGA_DU_7019_19940908,920,0.0
TCGA_DU_7298_19910324,921,0.0
TCGA_DU_A5TT_19980318,922,0.0
TCGA_DU_7008_19830723,923,0.0
TCGA_HT_7616_19940813,924,2.18
TCGA_FG_5964_20010511,925,0.0
TCGA_HT_7608_19940304,926,0.0
TCGA_DU_5872_19950223,927,0.0
TCGA_FG_6692_20020606,928,0.0
TCGA_DU_5855_19951217,929,0.0
TCGA_DU_7301_19911112,930,0.0
TCGA_DU_8162_19961029,931,0.0
TCGA_HT_A61A_20000127,932,0.0
TCGA_FG_A60K_20040224,933,0.0
TCGA_FG_6688_20020215,934,2.6
TCGA_DU_7013_19860523,935,0.0
TCGA_DU_5853_19950823,936,1.43
TCGA_DU_7010_19860307,937,0.0
TCGA_HT_7473_19970826,938,0.0
TCGA_HT_8105_19980826,939,0.7
TCGA_FG_A4MU_20030903,940,0.0
TCGA_CS_5396_20010302,941,8.69
TCGA_DU_5854_19951104,942,0.0
TCGA_DU_8163_19961119,943,0.0
TCGA_HT_7680_19970202,944,0.0
TCGA_HT_8105_19980826,945,10.22
TCGA_HT_7473_19970826,946,1.54
TCGA_CS_6666_20011109,947,6.45
TCGA_HT_8113_19930809,948,3.44
TCGA_FG_A60K_20040224,949,0.71
TCGA_DU_A5TY_19970709,950,0.0
TCGA_DU_6408_19860521,951,8.0
TCGA_FG_8189_20030516,952,0.0
TCGA_HT_7608_19940304,953,0.69
TCGA_FG_7643_20021104,954,0.05
TCGA_DU_7010_19860307,955,3.41
TCGA_DU_A5TT_19980318,956,1.9
TCGA_CS_5395_19981004,957,1.17
TCGA_DU_5855_19951217,958,0.0
TCGA_HT_7877_19980917,959,0.0
TCGA_FG_7643_20021104,960,1.84
TCGA_DU_6405_19851005,961,0.0
TCGA_DU_8168_19970503,962,0.0
TCGA_DU_6404_19850629,963,0.0
TCGA_DU_5854_19951104,964,0.0
TCGA_DU_5874_19950510,965,0.0
TCGA_HT_7605_19950916,966,0.0
TCGA_DU_6399_19830416,967,0.0
TCGA_HT_7605_19950916,968,0.87
TCGA_DU_6400_19830518,969,4.38
TCGA_DU_A5TR_19970726,970,0.0
TCGA_HT_7605_19950916,971,0.89
TCGA_HT_7684_19950816,972,7.39
TCGA_HT_8105_19980826,973,0.09
TCGA_DU_6399_19830416,974,3.11
TCGA_EZ_7264_20010816,975,0.0
TCGA_DU_7019_19940908,976,0.0
TCGA_FG_5964_20010511,977,0.0
TCGA_FG_7634_20000128,978,0.0
TCGA_HT_7605_19950916,979,0.0
TCGA_DU_5871_19941206,980,0.0
TCGA_DU_8162_19961029,981,0.0
TCGA_DU_8166_19970322,982,0.0
TCGA_DU_5852_19950709,983,0.0
TCGA_CS_6668_20011025,984,0.0
TCGA_HT_7473_19970826,985,7.57
TCGA_FG_6689_20020326,986,0.35
TCGA_DU_5872_19950223,987,0.0
TCGA_FG_7643_20021104,988,0.0
TCGA_DU_6400_19830518,989,0.0
TCGA_FG_5962_20000626,990,4.61
TCGA_CS_6665_20010817,991,2.56
TCGA_HT_7680_19970202,992,0.0
TCGA_DU_8162_19961029,993,0.0
TCGA_HT_8106_19970727,994,1.48
TCGA_DU_A5TU_19980312,995,9.58
TCGA_DU_7299_19910417,996,1.56
TCGA_FG_A4MU_20030903,997,12.29
TCGA_FG_7634_20000128,998,4.96
TCGA_HT_7856_19950831,999,8.62
TCGA_DU_7304_19930325,1000,4.64
TCGA_DU_7300_19910814,1001,1.61
TCGA_HT_A61B_19991127,1002,0.0
TCGA_DU_7306_19930512,1003,0.0
TCGA_EZ_7264_20010816,1004,0.0
TCGA_DU_5853_19950823,1005,0.0
TCGA_DU_7008_19830723,1006,6.2
TCGA_DU_7018_19911220,1007,0.16
TCGA_HT_7616_19940813,1008,3.56
TCGA_FG_6690_20020226,1009,0.0
TCGA_DU_6401_19831001,1010,0.67
TCGA_DU_8167_19970402,1011,2.38
TCGA_DU_7008_19830723,1012,3.18
TCGA_HT_7602_19951103,1013,0.0
TCGA_HT_7882_19970125,1014,0.0
TCGA_DU_A5TR_19970726,1015,0.0
TCGA_DU_7300_19910814,1016,0.0
TCGA_DU_A5TR_19970726,1017,0.0
TCGA_DU_A5TP_19970614,1018,0.0
TCGA_CS_6665_20010817,1019,2.77
TCGA_DU_6404_19850629,1020,0.0
TCGA_HT_7855_19951020,1021,0.0
TCGA_FG_8189_20030516,1022,5.69
TCGA_DU_A5TW_19980228,1023,4.86
TCGA_FG_A4MT_20020212,1024,0.0
TCGA_DU_6407_19860514,1025,0.0
TCGA_HT_8563_19981209,1026,3.78
TCGA_DU_7301_19911112,1027,0.0
TCGA_FG_6691_20020405,1028,0.0
TCGA_DU_6408_19860521,1029,5.96
TCGA_DU_8162_19961029,1030,0.0
TCGA_CS_5397_20010315,1031,0.7
TCGA_FG_5964_20010511,1032,0.9
TCGA_DU_5853_19950823,1033,0.0
TCGA_CS_6667_20011105,1034,1.4
TCGA_FG_6691_20020405,1035,0.0
TCGA_HT_8106_19970727,1036,0.0
TCGA_CS_4942_19970222,1037,0.0
TCGA_CS_6666_20011109,1038,0.0
TCGA_DU_A5TT_19980318,1039,0.0
TCGA_DU_6407_19860514,1040,0.0
TCGA_DU_6399_19830416,1041,0.0
TCGA_DU_5872_19950223,1042,4.71
TCGA_DU_7302_19911203,1043,0.0
TCGA_DU_7018_19911220,1044,2.62
TCGA_HT_7608_19940304,1045,4.46
TCGA_DU_6401_19831001,1046,6.03
TCGA_FG_5962_20000626,1047,0.68
TCGA_HT_8105_19980826,1048,0.0
TCGA_DU_7300_19910814,1049,0.0
TCGA_HT_A616_19991226,1050,0.07
TCGA_HT_7881_19981015,1051,0.43
TCGA_DU_8166_19970322,1052,0.0
TCGA_CS_6668_20011025,1053,0.0
TCGA_HT_8114_19981030,1054,0.0
TCGA_HT_7694_19950404,1055,9.22
TCGA_HT_7881_19981015,1056,0.0
TCGA_HT_8113_19930809,1057,2.72
TCGA_HT_A61A_20000127,1058,1.87
TCGA_DU_6399_19830416,1059,0.0
TCGA_DU_6399_19830416,1060,0.0
TCGA_DU_5874_19950510,1061,1.4
TCGA_HT_7694_19950404,1062,0.8
TCGA_DU_A5TP_19970614,1063,0.0
TCGA_HT_A61A_20000127,1064,0.0
TCGA_DU_5849_19950405,1065,0.0
TCGA_DU_A5TT_19980318,1066,1.77
TCGA_DU_5871_19941206,1067,0.0
TCGA_HT_8563_19981209,1068,0.0
TCGA_DU_7299_19910417,1069,0.0
TCGA_FG_7634_20000128,1070,4.47
TCGA_DU_5854_19951104,1071,0.0
TCGA_DU_7008_19830723,1072,3.42
TCGA_HT_A61B_19991127,1073,0.0
TCGA_HT_7684_19950816,1074,0.0
TCGA_DU_A5TU_19980312,1075,1.64
TCGA_HT_A61B_19991127,1076,0.0
TCGA_CS_6290_20000917,1077,1.86
TCGA_DU_5849_19950405,1078,1.98
TCGA_HT_A61B_19991127,1079,0.32
TCGA_CS_6665_20010817,1080,3.66
TCGA_HT_7693_19950520,1081,1.31
TCGA_DU_8163_19961119,1082,0.0
TCGA_HT_7855_19951020,1083,0.36
TCGA_HT_A616_19991226,1084,0.0
TCGA_DU_6400_19830518,1085,0.0
TCGA_DU_8166_19970322,1086,1.11
TCGA_FG_7634_20000128,1087,0.0
TCGA_HT_7693_19950520,1088,4.23
TCGA_CS_6666_20011109,1089,6.52
TCGA_FG_6690_20020226,1090,0.0
TCGA_DU_6404_19850629,1091,0.0
TCGA_DU_8168_19970503,1092,1.75
TCGA_CS_6667_20011105,1093,2.13
TCGA_DU_8162_19961029,1094,0.0
TCGA_DU_7019_19940908,1095,0.0
TCGA_HT_7877_19980917,1096,0.0
TCGA_DU_A5TP_19970614,1097,0.0
TCGA_FG_A4MT_20020212,1098,0.0
TCGA_HT_7680_19970202,1099,0.0
TCGA_HT_A61A_20000127,1100,2.72
TCGA_DU_A5TW_19980228,1101,4.86
TCGA_DU_6405_19851005,1102,0.0
TCGA_HT_A61A_20000127,1103,0.04
TCGA_HT_7855_19951020,1104,8.75
TCGA_FG_5964_20010511,1105,2.05
TCGA_DU_6408_19860521,1106,6.93
TCGA_CS_5395_19981004,1107,0.0
TCGA_DU_7301_19911112,1108,0.0
TCGA_FG_A60K_20040224,1109,0.04
TCGA_DU_5872_19950223,1110,4.42
TCGA_HT_7684_19950816,1111,1.67
TCGA_CS_6188_20010812,1112,0.0
TCGA_DU_5852_19950709,1113,0.0
TCGA_DU_8166_19970322,1114,3.66
TCGA_HT_7616_19940813,1115,0.0
TCGA_DU_7018_19911220,1116,0.0
TCGA_DU_8165_19970205,1117,0.0
TCGA_DU_A5TR_19970726,1118,0.0
TCGA_CS_6665_20010817,1119,0.0
TCGA_HT_A61A_20000127,1120,0.0
TCGA_CS_4943_20000902,1121,0.0
TCGA_HT_A61A_20000127,1122,3.45
TCGA_DU_5852_19950709,1123,0.0
TCGA_DU_7301_19911112,1124,4.95
TCGA_FG_6688_20020215,1125,2.6
TCGA_DU_6400_19830518,1126,0.0
TCGA_DU_7304_19930325,1127,0.0
TCGA_FG_6692_20020606,1128,0.0
TCGA_DU_7299_19910417,1129,0.69
TCGA_DU_7013_19860523,1130,0.0
TCGA_HT_7860_19960513,1131,0.0
TCGA_HT_7879_19981009,1132,0.0
TCGA_DU_6400_19830518,1133,0.0
TCGA_DU_A5TS_19970726,1134,0.0
TCGA_FG_7634_20000128,1135,0.0
TCGA_HT_7881_19981015,1136,0.0
TCGA_CS_6667_20011105,1137,0.95
TCGA_DU_A5TW_19980228,1138,0.0
TCGA_HT_7608_19940304,1139,4.46
TCGA_DU_5853_19950823,1140,0.0
TCGA_DU_7299_19910417,1141,0.0
TCGA_HT_A61B_19991127,1142,2.17
TCGA_FG_6689_20020326,1143,7.45
TCGA_HT_7881_19981015,1144,0.0
TCGA_CS_6665_20010817,1145,0.0
TCGA_DU_A5TP_19970614,1146,1.82
TCGA_DU_7014_19860618,1147,5.33
TCGA_CS_5397_20010315,1148,0.0
TCGA_FG_7643_20021104,1149,2.03
TCGA_HT_7475_19970918,1150,3.81
TCGA_DU_7299_19910417,1151,0.0
TCGA_HT_7475_19970918,1152,3.15
TCGA_DU_6405_19851005,1153,0.0
TCGA_HT_7855_19951020,1154,0.0
TCGA_FG_6689_20020326,1155,0.0
TCGA_DU_5851_19950428,1156,0.0
TCGA_HT_A61A_20000127,1157,3.18
TCGA_FG_6688_20020215,1158,0.0
TCGA_DU_A5TT_19980318,1159,0.0
TCGA_DU_7018_19911220,1160,0.0
TCGA_DU_6401_19831001,1161,0.0
TCGA_DU_6408_19860521,1162,0.0
TCGA_DU_6404_19850629,1163,0.21
TCGA_HT_7856_19950831,1164,0.0
TCGA_FG_5962_20000626,1165,0.51
TCGA_HT_7881_19981015,1166,0.0
TCGA_DU_8163_19961119,1167,0.0
TCGA_DU_7019_19940908,1168,0.0
TCGA_HT_7879_19981009,1169,0.0
TCGA_FG_6691_20020405,1170,0.0
TCGA_CS_5397_20010315,1171,0.0
TCGA_DU_5854_19951104,1172,0.0
TCGA_DU_7014_19860618,1173,0.0
TCGA_DU_5874_19950510,1174,0.0
TCGA_FG_6689_20020326,1175,0.0
TCGA_DU_6401_19831001,1176,0.0
TCGA_DU_7294_19890104,1177,0.0
TCGA_DU_5855_19951217,1178,0.0
TCGA_DU_6405_19851005,1179,0.0
TCGA_DU_7300_19910814,1180,2.41
TCGA_FG_A60K_20040224,1181,0.0
TCGA_HT_8105_19980826,1182,7.37
TCGA_FG_8189_20030516,1183,0.0
TCGA_DU_7304_19930325,1184,3.7
TCGA_DU_A5TP_19970614,1185,0.0
TCGA_DU_6407_19860514,1186,0.0
TCGA_DU_7304_19930325,1187,6.62
TCGA_FG_A4MT_20020212,1188,5.22
TCGA_DU_7299_19910417,1189,0.0
TCGA_DU_5855_19951217,1190,0.0
TCGA_EZ_7264_20010816,1191,0.0
TCGA_DU_A5TY_19970709,1192,0.76
TCGA_FG_6691_20020405,1193,0.0
TCGA_FG_5962_20000626,1194,0.0
TCGA_HT_7860_19960513,1195,0.0
TCGA_CS_6665_20010817,1196,3.66
TCGA_DU_7008_19830723,1197,0.0
TCGA_DU_6401_19831001,1198,1.5
TCGA_DU_A5TT_19980318,1199,0.0
TCGA_DU_5872_19950223,1200,0.0
TCGA_DU_A5TU_19980312,1201,0.0
TCGA_DU_5854_19951104,1202,0.0
TCGA_DU_8164_19970111,1203,0.0
TCGA_DU_8164_19970111,1204,0.0
TCGA_DU_7010_19860307,1205,0.0
TCGA_DU_5853_19950823,1206,0.0
TCGA_HT_7855_19951020,1207,0.0
TCGA_HT_7608_19940304,1208,0.0
TCGA_DU_5853_19950823,1209,0.0
TCGA_DU_7294_19890104,1210,0.0
TCGA_DU_7013_19860523,1211,0.0
TCGA_FG_6688_20020215,1212,0.0
TCGA_HT_7879_19981009,1213,0.0
TCGA_FG_8189_20030516,1214,0.0
TCGA_DU_7010_19860307,1215,0.0
TCGA_DU_7300_19910814,1216,0.0
TCGA_CS_4941_19960909,1217,0.0
TCGA_DU_6407_19860514,1218,0.0
TCGA_DU_6408_19860521,1219,0.0
TCGA_FG_6692_20020606,1220,0.0
TCGA_DU_5853_19950823,1221,0.0
TCGA_DU_7300_19910814,1222,0.0
TCGA_FG_8189_20030516,1223,0.0
TCGA_HT_8111_19980330,1224,0.0
TCGA_HT_8106_19970727,1225,1.3
TCGA_FG_A4MU_20030903,1226,0.0
TCGA_DU_A5TS_19970726,1227,0.0
TCGA_FG_6688_20020215,1228,2.32
TCGA_FG_A4MU_20030903,1229,3.8
TCGA_FG_7643_20021104,1230,0.0
TCGA_DU_6400_19830518,1231,2.39
TCGA_HT_7690_19960312,1232,0.0
TCGA_DU_8167_19970402,1233,0.96
TCGA_DU_7306_19930512,1234,1.23
TCGA_DU_5853_19950823,1235,0.0
TCGA_DU_7302_19911203,1236,0.0
TCGA_CS_6188_20010812,1237,0.0
TCGA_DU_5872_19950223,1238,0.0
TCGA_HT_A61B_19991127,1239,0.0
TCGA_FG_6690_20020226,1240,0.0
TCGA_DU_8163_19961119,1241,0.0
TCGA_FG_A60K_20040224,1242,0.0
TCGA_DU_7010_19860307,1243,2.22
TCGA_FG_7643_20021104,1244,0.78
TCGA_FG_6688_20020215,1245,0.0
TCGA_HT_A61A_20000127,1246,0.27
TCGA_HT_A61B_19991127,1247,0.0
TCGA_DU_8166_19970322,1248,3.38
TCGA_FG_A60K_20040224,1249,1.0
TCGA_HT_8111_19980330,1250,0.0
TCGA_HT_A5RC_19990831,1251,1.5
TCGA_FG_8189_20030516,1252,2.18
TCGA_DU_7018_19911220,1253,11.72
TCGA_CS_6186_20000601,1254,0.0
TCGA_FG_7643_20021104,1255,0.0
TCGA_DU_7013_19860523,1256,0.0
TCGA_DU_8164_19970111,1257,4.27
TCGA_DU_6404_19850629,1258,0.0
TCGA_DU_6405_19851005,1259,0.0
TCGA_FG_A4MT_20020212,1260,0.0
TCGA_DU_7298_19910324,1261,0.0
TCGA_FG_6688_20020215,1262,0.0
TCGA_HT_7692_19960724,1263,1.21
TCGA_HT_A61A_20000127,1264,0.0
TCGA_DU_5854_19951104,1265,0.0
TCGA_HT_7879_19981009,1266,0.0
TCGA_HT_A5RC_19990831,1267,0.0
TCGA_DU_8162_19961029,1268,0.0
TCGA_DU_5854_19951104,1269,0.0
TCGA_FG_6688_20020215,1270,3.19
TCGA_DU_6400_19830518,1271,0.0
TCGA_HT_A616_19991226,1272,0.0
TCGA_FG_8189_20030516,1273,1.5
TCGA_EZ_7264_20010816,1274,0.0
TCGA_DU_8165_19970205,1275,0.0
TCGA_FG_8189_20030516,1276,5.65
TCGA_DU_A5TS_19970726,1277,0.0
TCGA_HT_8114_19981030,1278,0.48
TCGA_FG_6689_20020326,1279,0.0
TCGA_DU_7013_19860523,1280,0.0
TCGA_DU_7300_19910814,1281,0.0
TCGA_FG_7637_20000922,1282,3.58
TCGA_DU_7010_19860307,1283,4.4
TCGA_CS_6186_20000601,1284,0.0
TCGA_HT_8107_19980708,1285,0.0
TCGA_DU_8165_19970205,1286,0.0
TCGA_DU_6408_19860521,1287,6.58
TCGA_DU_7306_19930512,1288,0.0
TCGA_FG_5964_20010511,1289,0.0
TCGA_DU_5872_19950223,1290,0.0
TCGA_EZ_7264_20010816,1291,0.0
TCGA_DU_5871_19941206,1292,0.67
TCGA_FG_8189_20030516,1293,0.28
TCGA_DU_5851_19950428,1294,0.0
TCGA_DU_5874_19950510,1295,0.0
TCGA_DU_5851_19950428,1296,0.0
TCGA_HT_A61A_20000127,1297,0.0
TCGA_DU_7301_19911112,1298,0.0
TCGA_HT_7602_19951103,1299,0.4
TCGA_DU_7300_19910814,1300,0.0
TCGA_DU_6408_19860521,1301,8.4
TCGA_FG_A60K_20040224,1302,0.0
TCGA_FG_7643_20021104,1303,0.0
TCGA_DU_7299_19910417,1304,0.0
TCGA_DU_8162_19961029,1305,0.0
TCGA_HT_8563_19981209,1306,0.0
TCGA_DU_7294_19890104,1307,0.0
TCGA_FG_A60K_20040224,1308,0.88
TCGA_DU_7008_19830723,1309,0.0
TCGA_HT_7690_19960312,1310,0.0
TCGA_DU_7301_19911112,1311,3.38
TCGA_DU_7306_19930512,1312,1.42
TCGA_DU_7304_19930325,1313,4.93
TCGA_DU_A5TY_19970709,1314,0.0
TCGA_FG_A4MT_20020212,1315,0.0
TCGA_HT_7694_19950404,1316,0.0
TCGA_CS_6665_20010817,1317,0.0
TCGA_DU_6399_19830416,1318,0.0
TCGA_DU_7019_19940908,1319,0.0
TCGA_DU_5874_19950510,1320,0.0
TCGA_DU_A5TW_19980228,1321,0.0
TCGA_CS_4943_20000902,1322,3.69
TCGA_DU_8163_19961119,1323,0.0
TCGA_HT_7680_19970202,1324,0.0
TCGA_FG_A60K_20040224,1325,0.0
TCGA_DU_7300_19910814,1326,3.1
TCGA_FG_7643_20021104,1327,0.0
TCGA_DU_5874_19950510,1328,0.0
TCGA_DU_5874_19950510,1329,0.0
TCGA_DU_6400_19830518,1330,0.0
TCGA_HT_7602_19951103,1331,2.92
TCGA_DU_6399_19830416,1332,0.0
TCGA_CS_6666_20011109,1333,6.52
TCGA_FG_8189_20030516,1334,0.0
TCGA_DU_7298_19910324,1335,0.0
TCGA_HT_A61B_19991127,1336,0.0
TCGA_FG_6689_20020326,1337,0.0
TCGA_DU_5855_19951217,1338,0.0
TCGA_DU_6408_19860521,1339,5.54
TCGA_DU_7014_19860618,1340,1.72
TCGA_DU_5852_19950709,1341,1.24
TCGA_FG_6689_20020326,1342,0.0
TCGA_DU_7306_19930512,1343,4.22
TCGA_HT_7684_19950816,1344,8.4
TCGA_HT_A61B_19991127,1345,0.0
TCGA_DU_8168_19970503,1346,4.5
TCGA_DU_A5TU_19980312,1347,1.64
TCGA_DU_6405_19851005,1348,1.64
TCGA_HT_7856_19950831,1349,4.85
TCGA_FG_6692_20020606,1350,0.0
TCGA_DU_6405_19851005,1351,0.0
TCGA_HT_8105_19980826,1352,5.56
TCGA_FG_A4MU_20030903,1353,7.0
TCGA_DU_5849_19950405,1354,0.54
TCGA_HT_A61B_19991127,1355,0.0
TCGA_FG_7643_20021104,1356,0.0
TCGA_CS_4942_19970222,1357,0.0
TCGA_HT_7881_19981015,1358,0.0
TCGA_HT_8105_19980826,1359,1.78
TCGA_DU_7300_19910814,1360,0.0
TCGA_HT_7690_19960312,1361,0.0
TCGA_DU_7300_19910814,1362,0.0
TCGA_FG_7643_20021104,1363,0.0
TCGA_DU_5849_19950405,1364,0.0
TCGA_DU_6404_19850629,1365,0.0
TCGA_DU_6400_19830518,1366,4.19
TCGA_FG_A60K_20040224,1367,0.0
TCGA_FG_7637_20000922,1368,0.0
TCGA_CS_6666_20011109,1369,0.0
TCGA_DU_7014_19860618,1370,0.0
TCGA_DU_7014_19860618,1371,6.52
TCGA_FG_A4MT_20020212,1372,2.17
TCGA_HT_8105_19980826,1373,0.0
TCGA_HT_7881_19981015,1374,0.0
TCGA_DU_6408_19860521,1375,5.11
TCGA_HT_7690_19960312,1376,6.46
TCGA_CS_4943_20000902,1377,0.0
TCGA_DU_7300_19910814,1378,0.0
TCGA_HT_7694_19950404,1379,9.96
TCGA_FG_7637_20000922,1380,0.0
TCGA_HT_7693_19950520,1381,0.0
TCGA_HT_7860_19960513,1382,0.0
TCGA_HT_7879_19981009,1383,3.19
TCGA_HT_7475_19970918,1384,0.0
TCGA_HT_8106_19970727,1385,0.0
TCGA_FG_A4MU_20030903,1386,0.0
TCGA_DU_7014_19860618,1387,0.0
TCGA_HT_8018_19970411,1388,0.0
TCGA_FG_7634_20000128,1389,0.0
TCGA_DU_8166_19970322,1390,0.0
TCGA_CS_6186_20000601,1391,0.0
TCGA_FG_6690_20020226,1392,0.0
TCGA_DU_5872_19950223,1393,4.99
TCGA_CS_6188_20010812,1394,1.33
TCGA_HT_7881_19981015,1395,0.46
TCGA_HT_7608_19940304,1396,6.16
TCGA_CS_4943_20000902,1397,0.0
TCGA_DU_7309_19960831,1398,0.0
TCGA_DU_A5TT_19980318,1399,0.0
TCGA_FG_8189_20030516,1400,0.0
TCGA_HT_7860_19960513,1401,0.0
TCGA_DU_6401_19831001,1402,6.99
TCGA_DU_6407_19860514,1403,0.0
TCGA_HT_7616_19940813,1404,4.03
TCGA_CS_4941_19960909,1405,4.35
TCGA_HT_A61B_19991127,1406,0.0
TCGA_DU_7302_19911203,1407,0.0
TCGA_HT_8114_19981030,1408,0.0
TCGA_DU_6407_19860514,1409,0.0
TCGA_HT_7602_19951103,1410,0.0
TCGA_DU_8162_19961029,1411,2.57
TCGA_DU_6399_19830416,1412,1.75
TCGA_DU_A5TR_19970726,1413,4.52
TCGA_CS_5393_19990606,1414,0.0
TCGA_DU_7010_19860307,1415,6.57
TCGA_DU_8167_19970402,1416,2.04
TCGA_HT_7684_19950816,1417,1.67
TCGA_DU_A5TS_19970726,1418,2.25
TCGA_DU_A5TW_19980228,1419,0.0
TCGA_HT_7694_19950404,1420,0.0
TCGA_DU_6407_19860514,1421,0.0
TCGA_HT_A61A_20000127,1422,3.67
TCGA_DU_8164_19970111,1423,0.0
TCGA_FG_5964_20010511,1424,0.0
TCGA_DU_6399_19830416,1425,0.65
TCGA_HT_7690_19960312,1426,0.0
TCGA_HT_7855_19951020,1427,0.0
TCGA_CS_6290_20000917,1428,0.0
TCGA_DU_7304_19930325,1429,1.85
TCGA_DU_8164_19970111,1430,4.11
TCGA_FG_8189_20030516,1431,0.0
TCGA_HT_7882_19970125,1432,0.0
TCGA_CS_5395_19981004,1433,0.0
TCGA_HT_A61B_19991127,1434,0.0
TCGA_DU_6405_19851005,1435,0.0
TCGA_DU_5871_19941206,1436,0.0
TCGA_FG_A4MU_20030903,1437,0.0
TCGA_HT_7879_19981009,1438,0.0
TCGA_CS_4941_19960909,1439,3.13
TCGA_DU_6399_19830416,1440,0.0
TCGA_DU_8166_19970322,1441,0.0
TCGA_HT_A61A_20000127,1442,0.1
TCGA_CS_5397_20010315,1443,0.0
TCGA_DU_7013_19860523,1444,0.0
TCGA_CS_4941_19960909,1445,0.0
TCGA_DU_7010_19860307,1446,5.0
TCGA_HT_7686_19950629,1447,1.81
TCGA_FG_6691_20020405,1448,0.0
TCGA_DU_5855_19951217,1449,0.0
TCGA_DU_5853_19950823,1450,0.0
TCGA_FG_8189_20030516,1451,2.97
TCGA_DU_5853_19950823,1452,0.0
TCGA_FG_6691_20020405,1453,0.67
TCGA_HT_7693_19950520,1454,0.0
TCGA_HT_7686_19950629,1455,0.0
TCGA_DU_6405_19851005,1456,1.64
TCGA_DU_7008_19830723,1457,2.44
TCGA_DU_8166_19970322,1458,0.0
TCGA_FG_6690_20020226,1459,0.0
TCGA_DU_8168_19970503,1460,1.06
TCGA_DU_6407_19860514,1461,0.0
TCGA_HT_7881_19981015,1462,0.0
TCGA_HT_A5RC_19990831,1463,0.0
TCGA_DU_8166_19970322,1464,3.95
TCGA_FG_5962_20000626,1465,0.0
TCGA_DU_5853_19950823,1466,1.81
TCGA_DU_7008_19830723,1467,0.0
TCGA_DU_A5TT_19980318,1468,0.0
TCGA_DU_A5TT_19980318,1469,0.0
TCGA_DU_7294_19890104,1470,0.0
TCGA_HT_A61A_20000127,1471,0.0
TCGA_DU_8166_19970322,1472,3.95
TCGA_DU_7018_19911220,1473,0.0
TCGA_DU_7008_19830723,1474,0.0
TCGA_HT_A61A_20000127,1475,0.83
TCGA_FG_A60K_20040224,1476,0.0
TCGA_DU_7298_19910324,1477,1.31
TCGA_HT_8106_19970727,1478,0.29
TCGA_HT_7874_19950902,1479,0.0
TCGA_HT_A616_19991226,1480,0.58
TCGA_HT_7602_19951103,1481,0.0
TCGA_HT_7605_19950916,1482,0.87
TCGA_HT_7694_19950404,1483,0.0
TCGA_DU_6404_19850629,1484,0.8
TCGA_DU_5849_19950405,1485,0.0
TCGA_FG_A60K_20040224,1486,0.0
TCGA_DU_8167_19970402,1487,0.0
TCGA_DU_A5TR_19970726,1488,0.0
TCGA_CS_6669_20020102,1489,1.28
TCGA_DU_A5TT_19980318,1490,0.93
TCGA_DU_7013_19860523,1491,0.0
TCGA_DU_5871_19941206,1492,0.0
TCGA_DU_6407_19860514,1493,0.0
TCGA_HT_7881_19981015,1494,0.0
TCGA_DU_7298_19910324,1495,0.0
TCGA_HT_A61B_19991127,1496,0.0
TCGA_DU_7018_19911220,1497,0.0
TCGA_HT_7605_19950916,1498,0.0
TCGA_DU_5849_19950405,1499,0.0
TCGA_HT_7881_19981015,1500,0.0
TCGA_HT_7475_19970918,1501,0.0
TCGA_DU_7019_19940908,1502,0.0
TCGA_CS_6188_20010812,1503,0.0
TCGA_DU_6405_19851005,1504,0.0
TCGA_CS_5396_20010302,1505,0.0
TCGA_FG_7637_20000922,1506,0.0
TCGA_HT_7694_19950404,1507,0.0
TCGA_DU_6400_19830518,1508,4.6
TCGA_DU_8163_19961119,1509,0.0
TCGA_DU_7298_19910324,1510,2.82
TCGA_DU_7306_19930512,1511,1.23
TCGA_DU_6405_19851005,1512,0.0
TCGA_FG_A4MT_20020212,1513,0.0
TCGA_HT_7856_19950831,1514,7.9
TCGA_DU_6400_19830518,1515,2.82
TCGA_FG_A60K_20040224,1516,0.0
TCGA_DU_7010_19860307,1517,3.02
TCGA_HT_7881_19981015,1518,0.0
TCGA_DU_7304_19930325,1519,1.53
TCGA_HT_7881_19981015,1520,0.0
TCGA_DU_6399_19830416,1521,0.0
TCGA_DU_6407_19860514,1522,2.54
TCGA_HT_8105_19980826,1523,8.87
TCGA_DU_7010_19860307,1524,0.0
TCGA_HT_A616_19991226,1525,1.2
TCGA_DU_6404_19850629,1526,0.0
TCGA_HT_A61B_19991127,1527,0.0
TCGA_HT_7616_19940813,1528,0.0
TCGA_DU_7010_19860307,1529,0.81
TCGA_EZ_7264_20010816,1530,2.42
TCGA_DU_5852_19950709,1531,0.0
TCGA_FG_6689_20020326,1532,0.0
TCGA_DU_8163_19961119,1533,0.0
TCGA_DU_7019_19940908,1534,0.0
TCGA_DU_5871_19941206,1535,5.72
TCGA_DU_7304_19930325,1536,0.0
TCGA_DU_8165_19970205,1537,0.65
TCGA_DU_7014_19860618,1538,3.94
TCGA_HT_7475_19970918,1539,1.81
TCGA_FG_A4MT_20020212,1540,0.0
TCGA_HT_8106_19970727,1541,0.0
TCGA_HT_A616_19991226,1542,0.0
TCGA_DU_7013_19860523,1543,0.0
TCGA_FG_7637_20000922,1544,0.0
TCGA_HT_7860_19960513,1545,0.0
TCGA_DU_5871_19941206,1546,0.0
TCGA_EZ_7264_20010816,1547,0.0
TCGA_DU_7301_19911112,1548,0.0
TCGA_HT_7881_19981015,1549,0.29
TCGA_DU_7013_19860523,1550,0.0
TCGA_HT_8113_19930809,1551,0.0
TCGA_HT_8113_19930809,1552,1.37
TCGA_FG_7634_20000128,1553,4.93
TCGA_DU_5853_19950823,1554,0.0
TCGA_DU_6408_19860521,1555,0.0
TCGA_HT_A5RC_19990831,1556,3.62
TCGA_HT_7881_19981015,1557,0.91
TCGA_HT_7616_19940813,1558,5.85
TCGA_DU_6407_19860514,1559,0.0
TCGA_HT_A61A_20000127,1560,0.0
TCGA_DU_6407_19860514,1561,3.74
TCGA_HT_A61B_19991127,1562,2.16
TCGA_DU_6399_19830416,1563,0.74
TCGA_DU_6401_19831001,1564,0.0
TCGA_CS_5395_19981004,1565,0.0
TCGA_DU_A5TS_19970726,1566,0.0
TCGA_DU_8168_19970503,1567,0.0
TCGA_HT_7884_19980913,1568,2.07
TCGA_FG_6691_20020405,1569,0.0
TCGA_CS_6186_20000601,1570,2.42
TCGA_DU_A5TY_19970709,1571,0.51
